row_id,category,metric,case,mecanum_4_motor,differential_4_motor,differential_2_motor,unit,status,boundary
DRV-001,resources,drive motor ports,architecture,4.0000,4.0000,2.0000,count,CALCULATED,Only the 2-motor differential architecture releases ports
DRV-002,resources,ports released versus baseline,architecture,0.0000,0.0000,2.0000,count,CALCULATED,R503 whole-robot limit remains 8
DRV-003,resources,drive-motor mass,motors only,1.7480,1.7480,0.8740,kg,CALCULATED_FROM_KNOWN_VENDOR,"Excludes chain/belt, sprockets, tensioners, guards, and wheel change"
DRV-004,motor,ideal maximum mechanical power,motor shafts,77.8592,77.8592,38.9296,W,CALCULATED_LINEAR_MOTOR_MODEL,Before wheel/transmission losses and thermal limits
DRV-005,motor,ideal stall force,104 mm direct wheel,183.3089,183.3089,91.6545,N,CALCULATED_LINEAR_MOTOR_MODEL,Not a permitted continuous operating point; tire traction may cap lower
DRV-006,motor,force at ideal maximum-power point,104 mm direct wheel,91.6545,91.6545,45.8272,N,CALCULATED_LINEAR_MOTOR_MODEL,At one-half no-load wheel speed
DRV-007,motor,no-load vehicle speed,104 mm direct wheel,1.6990,1.6990,1.6990,m/s,CALCULATED,Real speed lower
DRV-008,electrical,aggregate no-load current,12 V,1.0000,1.0000,0.5000,A,CALCULATED_FROM_KNOWN_VENDOR,Two motors save 0.5 A only near no load
DRV-009,mass,gross mass reduction,2 motors removed,0.0000,0.0000,0.8740,kg,CALCULATED_LOWER_BOUND,Before adding a cross-drive transmission
DRV-010,mass,gross mass reduction,2 motors removed + four reference 96 mm traction wheels,0.0000,0.6160,1.4900,kg,CALCULATED_REFERENCE_ONLY,Not net savings; 96 mm wheel and transmission are not selected
DRV-011,speed,no-load speed with reference 96 mm wheel,312 rpm direct wheel,1.6990,1.5683,1.5683,m/s,CALCULATED_REFERENCE_ONLY,Wheel swap reduces nominal speed 7.69 percent
DRV-012,operating_point,electrical power at equal force and speed,"20 N at 1.0 m/s, ideal 104 mm wheel",41.5582,41.5582,42.9345,W,CALCULATED_LINEAR_MOTOR_MODEL,Excludes external drivetrain losses; required voltage must not exceed 12 V
DRV-013,operating_point,electrical power at equal force and speed,"30 N at 1.0 m/s, ideal 104 mm wheel",62.4699,62.4699,70.0650,W,CALCULATED_LINEAR_MOTOR_MODEL,Excludes external drivetrain losses; required voltage must not exceed 12 V
DRV-014,operating_point,electrical power at equal force and speed,"40 N at 1.0 m/s, ideal 104 mm wheel",85.8691,85.8691,INFEASIBLE_12.29V,W,CALCULATED_LINEAR_MOTOR_MODEL,Excludes external drivetrain losses; required voltage must not exceed 12 V
DRV-015,transient,ideal 1 m straight sprint,8 kg robot,0.6627,0.6627,0.7358,s,CALCULATED_IDEAL_SENSITIVITY,"No traction cap, losses, battery sag, or current limiting"
DRV-016,transient,ideal 1 m straight sprint,12 kg robot,0.6996,0.6996,0.8051,s,CALCULATED_IDEAL_SENSITIVITY,"No traction cap, losses, battery sag, or current limiting"
DRV-017,transient,ideal 1 m straight sprint,16 kg robot,0.7358,0.7358,0.8694,s,CALCULATED_IDEAL_SENSITIVITY,"No traction cap, losses, battery sag, or current limiting"
DRV-018,maneuver,mecanum strafe-speed fraction needed to beat differential rotate-drive-rotate,"track 0.300 m, lateral 0.25 m",0.3466,N/A_NO_STRAFE,N/A_NO_STRAFE,fraction_of_forward_speed,CALCULATED_IDEAL_KINEMATICS,Same forward speed; final heading preserved; excludes acceleration and turn scrub
DRV-019,maneuver,mecanum strafe-speed fraction needed to beat differential rotate-drive-rotate,"track 0.300 m, lateral 0.50 m",0.5148,N/A_NO_STRAFE,N/A_NO_STRAFE,fraction_of_forward_speed,CALCULATED_IDEAL_KINEMATICS,Same forward speed; final heading preserved; excludes acceleration and turn scrub
DRV-020,maneuver,mecanum strafe-speed fraction needed to beat differential rotate-drive-rotate,"track 0.300 m, lateral 1.00 m",0.6797,N/A_NO_STRAFE,N/A_NO_STRAFE,fraction_of_forward_speed,CALCULATED_IDEAL_KINEMATICS,Same forward speed; final heading preserved; excludes acceleration and turn scrub
DRV-021,maneuver,mecanum strafe-speed fraction needed to beat differential rotate-drive-rotate,"track 0.375 m, lateral 0.25 m",0.2980,N/A_NO_STRAFE,N/A_NO_STRAFE,fraction_of_forward_speed,CALCULATED_IDEAL_KINEMATICS,Same forward speed; final heading preserved; excludes acceleration and turn scrub
DRV-022,maneuver,mecanum strafe-speed fraction needed to beat differential rotate-drive-rotate,"track 0.375 m, lateral 0.50 m",0.4591,N/A_NO_STRAFE,N/A_NO_STRAFE,fraction_of_forward_speed,CALCULATED_IDEAL_KINEMATICS,Same forward speed; final heading preserved; excludes acceleration and turn scrub
DRV-023,maneuver,mecanum strafe-speed fraction needed to beat differential rotate-drive-rotate,"track 0.375 m, lateral 1.00 m",0.6293,N/A_NO_STRAFE,N/A_NO_STRAFE,fraction_of_forward_speed,CALCULATED_IDEAL_KINEMATICS,Same forward speed; final heading preserved; excludes acceleration and turn scrub
DRV-024,maneuver,mecanum strafe-speed fraction needed to beat differential rotate-drive-rotate,"track 0.450 m, lateral 0.25 m",0.2613,N/A_NO_STRAFE,N/A_NO_STRAFE,fraction_of_forward_speed,CALCULATED_IDEAL_KINEMATICS,Same forward speed; final heading preserved; excludes acceleration and turn scrub
DRV-025,maneuver,mecanum strafe-speed fraction needed to beat differential rotate-drive-rotate,"track 0.450 m, lateral 0.50 m",0.4143,N/A_NO_STRAFE,N/A_NO_STRAFE,fraction_of_forward_speed,CALCULATED_IDEAL_KINEMATICS,Same forward speed; final heading preserved; excludes acceleration and turn scrub
DRV-026,maneuver,mecanum strafe-speed fraction needed to beat differential rotate-drive-rotate,"track 0.450 m, lateral 1.00 m",0.5859,N/A_NO_STRAFE,N/A_NO_STRAFE,fraction_of_forward_speed,CALCULATED_IDEAL_KINEMATICS,Same forward speed; final heading preserved; excludes acceleration and turn scrub
